"Time of Day","Process Name","PID","Operation","Path","Result","Detail","Image Path","Parent PID"
"2:23:00.4995931 PM","RAT.exe","2176","CreateFile","C:\Users\vboxuser\AppData\Local\Microsoft\Windows\Caches","NAME COLLISION","Desired Access: Read Data/List Directory, Synchronize, Disposition: Create, Options: Directory, Synchronous IO Non-Alert, Open Reparse Point, Attributes: N, ShareMode: Read, Write, AllocationSize: 0","C:\Users\vboxuser\Desktop\RAT.exe","4708"
"2:23:00.4997969 PM","RAT.exe","2176","CreateFile","C:\Users\vboxuser\AppData\Local\Microsoft\Windows\Caches","SUCCESS","Desired Access: Read Control, Disposition: Open, Options: Open Reparse Point, Attributes: n/a, ShareMode: Read, Write, Delete, AllocationSize: n/a, OpenResult: Opened","C:\Users\vboxuser\Desktop\RAT.exe","4708"
"2:23:00.4998156 PM","RAT.exe","2176","QuerySecurityFile","C:\Users\vboxuser\AppData\Local\Microsoft\Windows\Caches","BUFFER OVERFLOW","Information: DACL","C:\Users\vboxuser\Desktop\RAT.exe","4708"
"2:23:00.4998262 PM","RAT.exe","2176","CloseFile","C:\Users\vboxuser\AppData\Local\Microsoft\Windows\Caches","SUCCESS","","C:\Users\vboxuser\Desktop\RAT.exe","4708"
"2:23:00.4998359 PM","RAT.exe","2176","IRP_MJ_CLOSE","C:\Users\vboxuser\AppData\Local\Microsoft\Windows\Caches","SUCCESS","","C:\Users\vboxuser\Desktop\RAT.exe","4708"
"2:23:00.4999054 PM","RAT.exe","2176","CreateFile","C:\Users\vboxuser\AppData\Local\Microsoft\Windows\Caches","SUCCESS","Desired Access: Read Control, Disposition: Open, Options: Open Reparse Point, Attributes: n/a, ShareMode: Read, Write, Delete, AllocationSize: n/a, OpenResult: Opened","C:\Users\vboxuser\Desktop\RAT.exe","4708"
"2:23:00.4999194 PM","RAT.exe","2176","QuerySecurityFile","C:\Users\vboxuser\AppData\Local\Microsoft\Windows\Caches","SUCCESS","Information: DACL","C:\Users\vboxuser\Desktop\RAT.exe","4708"
"2:23:00.4999317 PM","RAT.exe","2176","CloseFile","C:\Users\vboxuser\AppData\Local\Microsoft\Windows\Caches","SUCCESS","","C:\Users\vboxuser\Desktop\RAT.exe","4708"
"2:23:00.4999412 PM","RAT.exe","2176","IRP_MJ_CLOSE","C:\Users\vboxuser\AppData\Local\Microsoft\Windows\Caches","SUCCESS","","C:\Users\vboxuser\Desktop\RAT.exe","4708"
"2:23:00.5000220 PM","RAT.exe","2176","CreateFile","C:\Users\vboxuser\AppData\Local\Microsoft\Windows\Caches\cversions.1.db","SUCCESS","Desired Access: Generic Read, Disposition: Open, Options: Synchronous IO Non-Alert, Non-Directory File, Attributes: n/a, ShareMode: Read, Write, AllocationSize: n/a, OpenResult: Opened","C:\Users\vboxuser\Desktop\RAT.exe","4708"
"2:23:00.5000526 PM","RAT.exe","2176","CreateFileMapping","C:\Users\vboxuser\AppData\Local\Microsoft\Windows\Caches\cversions.1.db","FILE LOCKED WITH ONLY READERS","SyncType: SyncTypeCreateSection, PageProtection: PAGE_EXECUTE_READWRITE|PAGE_NOCACHE","C:\Users\vboxuser\Desktop\RAT.exe","4708"
"2:23:00.5000609 PM","RAT.exe","2176","QueryStandardInformationFile","C:\Users\vboxuser\AppData\Local\Microsoft\Windows\Caches\cversions.1.db","SUCCESS","AllocationSize: 16,384, EndOfFile: 16,384, NumberOfLinks: 1, DeletePending: False, Directory: False","C:\Users\vboxuser\Desktop\RAT.exe","4708"
"2:23:00.5000690 PM","RAT.exe","2176","FASTIO_RELEASE_FOR_SECTION_SYNCHRONIZATION","C:\Users\vboxuser\AppData\Local\Microsoft\Windows\Caches\cversions.1.db","SUCCESS","","C:\Users\vboxuser\Desktop\RAT.exe","4708"
"2:23:00.5000767 PM","RAT.exe","2176","CreateFileMapping","C:\Users\vboxuser\AppData\Local\Microsoft\Windows\Caches\cversions.1.db","SUCCESS","SyncType: SyncTypeOther","C:\Users\vboxuser\Desktop\RAT.exe","4708"
"2:23:00.5000829 PM","RAT.exe","2176","FASTIO_RELEASE_FOR_SECTION_SYNCHRONIZATION","C:\Users\vboxuser\AppData\Local\Microsoft\Windows\Caches\cversions.1.db","SUCCESS","","C:\Users\vboxuser\Desktop\RAT.exe","4708"
"2:23:00.5001060 PM","RAT.exe","2176","CloseFile","C:\Users\vboxuser\AppData\Local\Microsoft\Windows\Caches\cversions.1.db","SUCCESS","","C:\Users\vboxuser\Desktop\RAT.exe","4708"
"2:23:00.5001163 PM","RAT.exe","2176","IRP_MJ_CLOSE","C:\Users\vboxuser\AppData\Local\Microsoft\Windows\Caches\cversions.1.db","SUCCESS","","C:\Users\vboxuser\Desktop\RAT.exe","4708"
"2:23:00.5002267 PM","RAT.exe","2176","CreateFile","C:\Users\vboxuser\AppData\Local\Microsoft\Windows\Caches\{AFBF9F1A-8EE8-4C77-AF34-C647E37CA0D9}.1.ver0x0000000000000006.db","SUCCESS","Desired Access: Generic Read, Disposition: Open, Options: Synchronous IO Non-Alert, Non-Directory File, Attributes: n/a, ShareMode: Read, AllocationSize: n/a, OpenResult: Opened","C:\Users\vboxuser\Desktop\RAT.exe","4708"
"2:23:00.5002493 PM","RAT.exe","2176","QueryStandardInformationFile","C:\Users\vboxuser\AppData\Local\Microsoft\Windows\Caches\{AFBF9F1A-8EE8-4C77-AF34-C647E37CA0D9}.1.ver0x0000000000000006.db","SUCCESS","AllocationSize: 90,112, EndOfFile: 87,848, NumberOfLinks: 1, DeletePending: False, Directory: False","C:\Users\vboxuser\Desktop\RAT.exe","4708"
"2:23:00.5002708 PM","RAT.exe","2176","CreateFileMapping","C:\Users\vboxuser\AppData\Local\Microsoft\Windows\Caches\{AFBF9F1A-8EE8-4C77-AF34-C647E37CA0D9}.1.ver0x0000000000000006.db","FILE LOCKED WITH ONLY READERS","SyncType: SyncTypeCreateSection, PageProtection: PAGE_EXECUTE_READWRITE|PAGE_NOCACHE","C:\Users\vboxuser\Desktop\RAT.exe","4708"
"2:23:00.5002778 PM","RAT.exe","2176","QueryStandardInformationFile","C:\Users\vboxuser\AppData\Local\Microsoft\Windows\Caches\{AFBF9F1A-8EE8-4C77-AF34-C647E37CA0D9}.1.ver0x0000000000000006.db","SUCCESS","AllocationSize: 90,112, EndOfFile: 87,848, NumberOfLinks: 1, DeletePending: False, Directory: False","C:\Users\vboxuser\Desktop\RAT.exe","4708"
"2:23:00.5002850 PM","RAT.exe","2176","FASTIO_RELEASE_FOR_SECTION_SYNCHRONIZATION","C:\Users\vboxuser\AppData\Local\Microsoft\Windows\Caches\{AFBF9F1A-8EE8-4C77-AF34-C647E37CA0D9}.1.ver0x0000000000000006.db","SUCCESS","","C:\Users\vboxuser\Desktop\RAT.exe","4708"
"2:23:00.5002925 PM","RAT.exe","2176","CreateFileMapping","C:\Users\vboxuser\AppData\Local\Microsoft\Windows\Caches\{AFBF9F1A-8EE8-4C77-AF34-C647E37CA0D9}.1.ver0x0000000000000006.db","SUCCESS","SyncType: SyncTypeOther","C:\Users\vboxuser\Desktop\RAT.exe","4708"
"2:23:00.5002992 PM","RAT.exe","2176","FASTIO_RELEASE_FOR_SECTION_SYNCHRONIZATION","C:\Users\vboxuser\AppData\Local\Microsoft\Windows\Caches\{AFBF9F1A-8EE8-4C77-AF34-C647E37CA0D9}.1.ver0x0000000000000006.db","SUCCESS","","C:\Users\vboxuser\Desktop\RAT.exe","4708"
"2:23:00.5003175 PM","RAT.exe","2176","CloseFile","C:\Users\vboxuser\AppData\Local\Microsoft\Windows\Caches\{AFBF9F1A-8EE8-4C77-AF34-C647E37CA0D9}.1.ver0x0000000000000006.db","SUCCESS","","C:\Users\vboxuser\Desktop\RAT.exe","4708"
"2:23:00.5003444 PM","RAT.exe","2176","IRP_MJ_CLOSE","C:\Users\vboxuser\AppData\Local\Microsoft\Windows\Caches\{AFBF9F1A-8EE8-4C77-AF34-C647E37CA0D9}.1.ver0x0000000000000006.db","SUCCESS","","C:\Users\vboxuser\Desktop\RAT.exe","4708"
"2:23:00.5088266 PM","RAT.exe","2176","CreateFile","C:\Users\vboxuser\AppData\Local\Temp","NAME COLLISION","Desired Access: Read Data/List Directory, Synchronize, Disposition: Create, Options: Directory, Synchronous IO Non-Alert, Open Reparse Point, Attributes: N, ShareMode: Read, Write, AllocationSize: 0","C:\Users\vboxuser\Desktop\RAT.exe","4708"
"2:23:00.5088903 PM","RAT.exe","2176","QueryOpen","C:\Users\vboxuser\AppData\Local\Temp","FAST IO DISALLOWED","","C:\Users\vboxuser\Desktop\RAT.exe","4708"
"2:23:00.5089222 PM","RAT.exe","2176","CreateFile","C:\Users\vboxuser\AppData\Local\Temp","SUCCESS","Desired Access: Read Attributes, Disposition: Open, Options: Open Reparse Point, Attributes: n/a, ShareMode: Read, Write, Delete, AllocationSize: n/a, OpenResult: Opened","C:\Users\vboxuser\Desktop\RAT.exe","4708"
"2:23:00.5089355 PM","RAT.exe","2176","QueryBasicInformationFile","C:\Users\vboxuser\AppData\Local\Temp","SUCCESS","CreationTime: 6/18/2025 9:00:36 PM, LastAccessTime: 6/23/2025 2:16:50 PM, LastWriteTime: 6/23/2025 2:16:18 PM, ChangeTime: 6/23/2025 2:16:18 PM, FileAttributes: D","C:\Users\vboxuser\Desktop\RAT.exe","4708"
"2:23:00.5089442 PM","RAT.exe","2176","CloseFile","C:\Users\vboxuser\AppData\Local\Temp","SUCCESS","","C:\Users\vboxuser\Desktop\RAT.exe","4708"
"2:23:00.5089520 PM","RAT.exe","2176","IRP_MJ_CLOSE","C:\Users\vboxuser\AppData\Local\Temp","SUCCESS","","C:\Users\vboxuser\Desktop\RAT.exe","4708"
"2:23:00.5090061 PM","RAT.exe","2176","CreateFile","C:\Users\vboxuser\AppData\Local\Temp\nst9769.tmp","SUCCESS","Desired Access: Generic Read, Disposition: Create, Options: Synchronous IO Non-Alert, Non-Directory File, Attributes: N, ShareMode: None, AllocationSize: 0, OpenResult: Created","C:\Users\vboxuser\Desktop\RAT.exe","4708"
"2:23:00.5091981 PM","RAT.exe","2176","QueryNameInformationFile","C:\Users\vboxuser\AppData\Local\Temp\nst9769.tmp","SUCCESS","Name: \Users\vboxuser\AppData\Local\Temp\nst9769.tmp","C:\Users\vboxuser\Desktop\RAT.exe","4708"
"2:23:00.5092665 PM","RAT.exe","2176","QueryBasicInformationFile","C:\Users\vboxuser\AppData\Local\Temp\nst9769.tmp","SUCCESS","CreationTime: 6/23/2025 2:23:00 PM, LastAccessTime: 6/23/2025 2:23:00 PM, LastWriteTime: 6/23/2025 2:23:00 PM, ChangeTime: 6/23/2025 2:23:00 PM, FileAttributes: A","C:\Users\vboxuser\Desktop\RAT.exe","4708"
"2:23:00.5092977 PM","RAT.exe","2176","ReadFile","C:\Users\vboxuser\AppData\Local\Temp\nst9769.tmp","END OF FILE","Offset: 0, Length: 2","C:\Users\vboxuser\Desktop\RAT.exe","4708"
"2:23:00.5093106 PM","RAT.exe","2176","CloseFile","C:\Users\vboxuser\AppData\Local\Temp\nst9769.tmp","SUCCESS","","C:\Users\vboxuser\Desktop\RAT.exe","4708"
"2:23:00.5093519 PM","RAT.exe","2176","IRP_MJ_CLOSE","C:\Users\vboxuser\AppData\Local\Temp\nst9769.tmp","SUCCESS","","C:\Users\vboxuser\Desktop\RAT.exe","4708"
"2:23:00.5094506 PM","RAT.exe","2176","CreateFile","C:\Users\vboxuser\AppData\Local\Temp\nst9769.tmp","SUCCESS","Desired Access: Read Attributes, Delete, Disposition: Open, Options: Non-Directory File, Open Reparse Point, Attributes: n/a, ShareMode: Read, Write, Delete, AllocationSize: n/a, OpenResult: Opened","C:\Users\vboxuser\Desktop\RAT.exe","4708"
"2:23:00.5094728 PM","RAT.exe","2176","QueryAttributeTagFile","C:\Users\vboxuser\AppData\Local\Temp\nst9769.tmp","SUCCESS","Attributes: A, ReparseTag: 0x0","C:\Users\vboxuser\Desktop\RAT.exe","4708"
"2:23:00.5094838 PM","RAT.exe","2176","SetDispositionInformationEx","C:\Users\vboxuser\AppData\Local\Temp\nst9769.tmp","SUCCESS","Flags: FILE_DISPOSITION_DELETE, FILE_DISPOSITION_POSIX_SEMANTICS, FILE_DISPOSITION_FORCE_IMAGE_SECTION_CHECK","C:\Users\vboxuser\Desktop\RAT.exe","4708"
"2:23:00.5094975 PM","RAT.exe","2176","CloseFile","C:\Users\vboxuser\AppData\Local\Temp\nst9769.tmp","SUCCESS","","C:\Users\vboxuser\Desktop\RAT.exe","4708"
"2:23:00.5095624 PM","RAT.exe","2176","IRP_MJ_CLOSE","C:\Users\vboxuser\AppData\Local\Temp\nst9769.tmp","SUCCESS","","C:\Users\vboxuser\Desktop\RAT.exe","4708"
"2:23:00.5212681 PM","RAT.exe","2176","QueryOpen","C:\Users\vboxuser\AppData\Local\Temp","FAST IO DISALLOWED","","C:\Users\vboxuser\Desktop\RAT.exe","4708"
"2:23:00.5213118 PM","RAT.exe","2176","CreateFile","C:\Users\vboxuser\AppData\Local\Temp","SUCCESS","Desired Access: Read Attributes, Disposition: Open, Options: Open Reparse Point, Attributes: n/a, ShareMode: Read, Write, Delete, AllocationSize: n/a, OpenResult: Opened","C:\Users\vboxuser\Desktop\RAT.exe","4708"
"2:23:00.5213287 PM","RAT.exe","2176","QueryBasicInformationFile","C:\Users\vboxuser\AppData\Local\Temp","SUCCESS","CreationTime: 6/18/2025 9:00:36 PM, LastAccessTime: 6/23/2025 2:23:00 PM, LastWriteTime: 6/23/2025 2:23:00 PM, ChangeTime: 6/23/2025 2:23:00 PM, FileAttributes: D","C:\Users\vboxuser\Desktop\RAT.exe","4708"
"2:23:00.5213366 PM","RAT.exe","2176","CloseFile","C:\Users\vboxuser\AppData\Local\Temp","SUCCESS","","C:\Users\vboxuser\Desktop\RAT.exe","4708"
"2:23:00.5213609 PM","RAT.exe","2176","IRP_MJ_CLOSE","C:\Users\vboxuser\AppData\Local\Temp","SUCCESS","","C:\Users\vboxuser\Desktop\RAT.exe","4708"
"2:23:00.5214305 PM","RAT.exe","2176","CreateFile","C:\Users\vboxuser\AppData\Local\Temp\nst976A.tmp","SUCCESS","Desired Access: Generic Read, Disposition: Create, Options: Synchronous IO Non-Alert, Non-Directory File, Attributes: N, ShareMode: None, AllocationSize: 0, OpenResult: Created","C:\Users\vboxuser\Desktop\RAT.exe","4708"
"2:23:00.5216488 PM","RAT.exe","2176","QueryNameInformationFile","C:\Users\vboxuser\AppData\Local\Temp\nst976A.tmp","SUCCESS","Name: \Users\vboxuser\AppData\Local\Temp\nst976A.tmp","C:\Users\vboxuser\Desktop\RAT.exe","4708"
"2:23:00.5216651 PM","RAT.exe","2176","QueryBasicInformationFile","C:\Users\vboxuser\AppData\Local\Temp\nst976A.tmp","SUCCESS","CreationTime: 6/23/2025 2:23:00 PM, LastAccessTime: 6/23/2025 2:23:00 PM, LastWriteTime: 6/23/2025 2:23:00 PM, ChangeTime: 6/23/2025 2:23:00 PM, FileAttributes: A","C:\Users\vboxuser\Desktop\RAT.exe","4708"
"2:23:00.5216899 PM","RAT.exe","2176","ReadFile","C:\Users\vboxuser\AppData\Local\Temp\nst976A.tmp","END OF FILE","Offset: 0, Length: 2","C:\Users\vboxuser\Desktop\RAT.exe","4708"
"2:23:00.5217031 PM","RAT.exe","2176","CloseFile","C:\Users\vboxuser\AppData\Local\Temp\nst976A.tmp","SUCCESS","","C:\Users\vboxuser\Desktop\RAT.exe","4708"
"2:23:00.5217305 PM","RAT.exe","2176","IRP_MJ_CLOSE","C:\Users\vboxuser\AppData\Local\Temp\nst976A.tmp","SUCCESS","","C:\Users\vboxuser\Desktop\RAT.exe","4708"
"2:23:00.5217883 PM","RAT.exe","2176","CreateFile","C:\Users\vboxuser\AppData\Local\Temp","SUCCESS","Desired Access: Read Data/List Directory, Synchronize, Disposition: Open, Options: Directory, Synchronous IO Non-Alert, Attributes: n/a, ShareMode: Read, Write, Delete, AllocationSize: n/a, OpenResult: Opened","C:\Users\vboxuser\Desktop\RAT.exe","4708"
"2:23:00.5218019 PM","RAT.exe","2176","QueryDirectory","C:\Users\vboxuser\AppData\Local\Temp\nst976A.tmp","SUCCESS","FileInformationClass: FileBothDirectoryInformation, Filter: nst976A.tmp, 2: nst976A.tmp","C:\Users\vboxuser\Desktop\RAT.exe","4708"
"2:23:00.5218219 PM","RAT.exe","2176","CloseFile","C:\Users\vboxuser\AppData\Local\Temp","SUCCESS","","C:\Users\vboxuser\Desktop\RAT.exe","4708"
"2:23:00.5218361 PM","RAT.exe","2176","IRP_MJ_CLOSE","C:\Users\vboxuser\AppData\Local\Temp","SUCCESS","","C:\Users\vboxuser\Desktop\RAT.exe","4708"
"2:23:00.5218807 PM","RAT.exe","2176","CreateFile","C:\Users\vboxuser\AppData\Local\Temp\nst976A.tmp","SUCCESS","Desired Access: Read Attributes, Delete, Disposition: Open, Options: Non-Directory File, Open Reparse Point, Attributes: n/a, ShareMode: Read, Write, Delete, AllocationSize: n/a, OpenResult: Opened","C:\Users\vboxuser\Desktop\RAT.exe","4708"
"2:23:00.5218962 PM","RAT.exe","2176","QueryAttributeTagFile","C:\Users\vboxuser\AppData\Local\Temp\nst976A.tmp","SUCCESS","Attributes: A, ReparseTag: 0x0","C:\Users\vboxuser\Desktop\RAT.exe","4708"
"2:23:00.5219054 PM","RAT.exe","2176","SetDispositionInformationEx","C:\Users\vboxuser\AppData\Local\Temp\nst976A.tmp","SUCCESS","Flags: FILE_DISPOSITION_DELETE, FILE_DISPOSITION_POSIX_SEMANTICS, FILE_DISPOSITION_FORCE_IMAGE_SECTION_CHECK","C:\Users\vboxuser\Desktop\RAT.exe","4708"
"2:23:00.5219168 PM","RAT.exe","2176","CloseFile","C:\Users\vboxuser\AppData\Local\Temp\nst976A.tmp","SUCCESS","","C:\Users\vboxuser\Desktop\RAT.exe","4708"
"2:23:00.5219830 PM","RAT.exe","2176","IRP_MJ_CLOSE","C:\Users\vboxuser\AppData\Local\Temp\nst976A.tmp","SUCCESS","","C:\Users\vboxuser\Desktop\RAT.exe","4708"
"2:23:00.5223521 PM","RAT.exe","2176","CreateFile","C:\Users\vboxuser\AppData","NAME COLLISION","Desired Access: Read Data/List Directory, Synchronize, Disposition: Create, Options: Directory, Synchronous IO Non-Alert, Open Reparse Point, Attributes: N, ShareMode: Read, Write, AllocationSize: 0","C:\Users\vboxuser\Desktop\RAT.exe","4708"
"2:23:00.5223955 PM","RAT.exe","2176","QueryOpen","C:\Users\vboxuser\AppData","FAST IO DISALLOWED","","C:\Users\vboxuser\Desktop\RAT.exe","4708"
"2:23:00.5224258 PM","RAT.exe","2176","CreateFile","C:\Users\vboxuser\AppData","SUCCESS","Desired Access: Read Attributes, Disposition: Open, Options: Open Reparse Point, Attributes: n/a, ShareMode: Read, Write, Delete, AllocationSize: n/a, OpenResult: Opened","C:\Users\vboxuser\Desktop\RAT.exe","4708"
"2:23:00.5224352 PM","RAT.exe","2176","QueryBasicInformationFile","C:\Users\vboxuser\AppData","SUCCESS","CreationTime: 6/18/2025 9:00:36 PM, LastAccessTime: 6/23/2025 2:22:55 PM, LastWriteTime: 6/18/2025 9:00:37 PM, ChangeTime: 6/18/2025 9:00:37 PM, FileAttributes: HD","C:\Users\vboxuser\Desktop\RAT.exe","4708"
"2:23:00.5224415 PM","RAT.exe","2176","CloseFile","C:\Users\vboxuser\AppData","SUCCESS","","C:\Users\vboxuser\Desktop\RAT.exe","4708"
"2:23:00.5224486 PM","RAT.exe","2176","IRP_MJ_CLOSE","C:\Users\vboxuser\AppData","SUCCESS","","C:\Users\vboxuser\Desktop\RAT.exe","4708"
"2:23:00.5224860 PM","RAT.exe","2176","CreateFile","C:\Users\vboxuser\AppData\Local","NAME COLLISION","Desired Access: Read Data/List Directory, Synchronize, Disposition: Create, Options: Directory, Synchronous IO Non-Alert, Open Reparse Point, Attributes: N, ShareMode: Read, Write, AllocationSize: 0","C:\Users\vboxuser\Desktop\RAT.exe","4708"
"2:23:00.5225263 PM","RAT.exe","2176","QueryOpen","C:\Users\vboxuser\AppData\Local","FAST IO DISALLOWED","","C:\Users\vboxuser\Desktop\RAT.exe","4708"
"2:23:00.5225557 PM","RAT.exe","2176","CreateFile","C:\Users\vboxuser\AppData\Local","SUCCESS","Desired Access: Read Attributes, Disposition: Open, Options: Open Reparse Point, Attributes: n/a, ShareMode: Read, Write, Delete, AllocationSize: n/a, OpenResult: Opened","C:\Users\vboxuser\Desktop\RAT.exe","4708"
"2:23:00.5225644 PM","RAT.exe","2176","QueryBasicInformationFile","C:\Users\vboxuser\AppData\Local","SUCCESS","CreationTime: 6/18/2025 9:00:36 PM, LastAccessTime: 6/23/2025 2:23:00 PM, LastWriteTime: 6/23/2025 2:13:48 PM, ChangeTime: 6/23/2025 2:13:48 PM, FileAttributes: D","C:\Users\vboxuser\Desktop\RAT.exe","4708"
"2:23:00.5225708 PM","RAT.exe","2176","CloseFile","C:\Users\vboxuser\AppData\Local","SUCCESS","","C:\Users\vboxuser\Desktop\RAT.exe","4708"
"2:23:00.5225777 PM","RAT.exe","2176","IRP_MJ_CLOSE","C:\Users\vboxuser\AppData\Local","SUCCESS","","C:\Users\vboxuser\Desktop\RAT.exe","4708"
"2:23:00.5226168 PM","RAT.exe","2176","CreateFile","C:\Users\vboxuser\AppData\Local\Temp","NAME COLLISION","Desired Access: Read Data/List Directory, Synchronize, Disposition: Create, Options: Directory, Synchronous IO Non-Alert, Open Reparse Point, Attributes: N, ShareMode: Read, Write, AllocationSize: 0","C:\Users\vboxuser\Desktop\RAT.exe","4708"
"2:23:00.5226581 PM","RAT.exe","2176","QueryOpen","C:\Users\vboxuser\AppData\Local\Temp","FAST IO DISALLOWED","","C:\Users\vboxuser\Desktop\RAT.exe","4708"
"2:23:00.5226882 PM","RAT.exe","2176","CreateFile","C:\Users\vboxuser\AppData\Local\Temp","SUCCESS","Desired Access: Read Attributes, Disposition: Open, Options: Open Reparse Point, Attributes: n/a, ShareMode: Read, Write, Delete, AllocationSize: n/a, OpenResult: Opened","C:\Users\vboxuser\Desktop\RAT.exe","4708"
"2:23:00.5226972 PM","RAT.exe","2176","QueryBasicInformationFile","C:\Users\vboxuser\AppData\Local\Temp","SUCCESS","CreationTime: 6/18/2025 9:00:36 PM, LastAccessTime: 6/23/2025 2:23:00 PM, LastWriteTime: 6/23/2025 2:23:00 PM, ChangeTime: 6/23/2025 2:23:00 PM, FileAttributes: D","C:\Users\vboxuser\Desktop\RAT.exe","4708"
"2:23:00.5227058 PM","RAT.exe","2176","CloseFile","C:\Users\vboxuser\AppData\Local\Temp","SUCCESS","","C:\Users\vboxuser\Desktop\RAT.exe","4708"
"2:23:00.5227204 PM","RAT.exe","2176","IRP_MJ_CLOSE","C:\Users\vboxuser\AppData\Local\Temp","SUCCESS","","C:\Users\vboxuser\Desktop\RAT.exe","4708"
"2:23:00.5228017 PM","RAT.exe","2176","CreateFile","C:\Users\vboxuser\AppData\Local\Temp\nst976A.tmp","SUCCESS","Desired Access: Read Data/List Directory, Synchronize, Disposition: Create, Options: Directory, Synchronous IO Non-Alert, Open Reparse Point, Attributes: N, ShareMode: Read, Write, AllocationSize: 0, OpenResult: Created","C:\Users\vboxuser\Desktop\RAT.exe","4708"
"2:23:00.5229400 PM","RAT.exe","2176","QueryNameInformationFile","C:\Users\vboxuser\AppData\Local\Temp\nst976A.tmp","SUCCESS","Name: \Users\vboxuser\AppData\Local\Temp\nst976A.tmp","C:\Users\vboxuser\Desktop\RAT.exe","4708"
"2:23:00.5229514 PM","RAT.exe","2176","QueryBasicInformationFile","C:\Users\vboxuser\AppData\Local\Temp\nst976A.tmp","SUCCESS","CreationTime: 6/23/2025 2:23:00 PM, LastAccessTime: 6/23/2025 2:23:00 PM, LastWriteTime: 6/23/2025 2:23:00 PM, ChangeTime: 6/23/2025 2:23:00 PM, FileAttributes: D","C:\Users\vboxuser\Desktop\RAT.exe","4708"
"2:23:00.5229708 PM","RAT.exe","2176","ReadFile","C:\Users\vboxuser\AppData\Local\Temp\nst976A.tmp","INVALID DEVICE REQUEST","Offset: 0, Length: 2","C:\Users\vboxuser\Desktop\RAT.exe","4708"
"2:23:00.5229800 PM","RAT.exe","2176","CloseFile","C:\Users\vboxuser\AppData\Local\Temp\nst976A.tmp","SUCCESS","","C:\Users\vboxuser\Desktop\RAT.exe","4708"
"2:23:00.5230048 PM","RAT.exe","2176","IRP_MJ_CLOSE","C:\Users\vboxuser\AppData\Local\Temp\nst976A.tmp","SUCCESS","","C:\Users\vboxuser\Desktop\RAT.exe","4708"
"2:23:00.5233421 PM","RAT.exe","2176","CreateFile","C:\Users\vboxuser\AppData","NAME COLLISION","Desired Access: Read Data/List Directory, Synchronize, Disposition: Create, Options: Directory, Synchronous IO Non-Alert, Open Reparse Point, Attributes: N, ShareMode: Read, Write, AllocationSize: 0","C:\Users\vboxuser\Desktop\RAT.exe","4708"
"2:23:00.5233857 PM","RAT.exe","2176","QueryOpen","C:\Users\vboxuser\AppData","FAST IO DISALLOWED","","C:\Users\vboxuser\Desktop\RAT.exe","4708"
"2:23:00.5234154 PM","RAT.exe","2176","CreateFile","C:\Users\vboxuser\AppData","SUCCESS","Desired Access: Read Attributes, Disposition: Open, Options: Open Reparse Point, Attributes: n/a, ShareMode: Read, Write, Delete, AllocationSize: n/a, OpenResult: Opened","C:\Users\vboxuser\Desktop\RAT.exe","4708"
"2:23:00.5234237 PM","RAT.exe","2176","QueryBasicInformationFile","C:\Users\vboxuser\AppData","SUCCESS","CreationTime: 6/18/2025 9:00:36 PM, LastAccessTime: 6/23/2025 2:23:00 PM, LastWriteTime: 6/18/2025 9:00:37 PM, ChangeTime: 6/18/2025 9:00:37 PM, FileAttributes: HD","C:\Users\vboxuser\Desktop\RAT.exe","4708"
"2:23:00.5234297 PM","RAT.exe","2176","CloseFile","C:\Users\vboxuser\AppData","SUCCESS","","C:\Users\vboxuser\Desktop\RAT.exe","4708"
"2:23:00.5234365 PM","RAT.exe","2176","IRP_MJ_CLOSE","C:\Users\vboxuser\AppData","SUCCESS","","C:\Users\vboxuser\Desktop\RAT.exe","4708"
"2:23:00.5235022 PM","RAT.exe","2176","CreateFile","C:\Users\vboxuser\AppData\Local","NAME COLLISION","Desired Access: Read Data/List Directory, Synchronize, Disposition: Create, Options: Directory, Synchronous IO Non-Alert, Open Reparse Point, Attributes: N, ShareMode: Read, Write, AllocationSize: 0","C:\Users\vboxuser\Desktop\RAT.exe","4708"
"2:23:00.5235482 PM","RAT.exe","2176","QueryOpen","C:\Users\vboxuser\AppData\Local","FAST IO DISALLOWED","","C:\Users\vboxuser\Desktop\RAT.exe","4708"
"2:23:00.5235776 PM","RAT.exe","2176","CreateFile","C:\Users\vboxuser\AppData\Local","SUCCESS","Desired Access: Read Attributes, Disposition: Open, Options: Open Reparse Point, Attributes: n/a, ShareMode: Read, Write, Delete, AllocationSize: n/a, OpenResult: Opened","C:\Users\vboxuser\Desktop\RAT.exe","4708"
"2:23:00.5235862 PM","RAT.exe","2176","QueryBasicInformationFile","C:\Users\vboxuser\AppData\Local","SUCCESS","CreationTime: 6/18/2025 9:00:36 PM, LastAccessTime: 6/23/2025 2:23:00 PM, LastWriteTime: 6/23/2025 2:13:48 PM, ChangeTime: 6/23/2025 2:13:48 PM, FileAttributes: D","C:\Users\vboxuser\Desktop\RAT.exe","4708"
"2:23:00.5235923 PM","RAT.exe","2176","CloseFile","C:\Users\vboxuser\AppData\Local","SUCCESS","","C:\Users\vboxuser\Desktop\RAT.exe","4708"
"2:23:00.5235991 PM","RAT.exe","2176","IRP_MJ_CLOSE","C:\Users\vboxuser\AppData\Local","SUCCESS","","C:\Users\vboxuser\Desktop\RAT.exe","4708"
"2:23:00.5236385 PM","RAT.exe","2176","CreateFile","C:\Users\vboxuser\AppData\Local\Temp","NAME COLLISION","Desired Access: Read Data/List Directory, Synchronize, Disposition: Create, Options: Directory, Synchronous IO Non-Alert, Open Reparse Point, Attributes: N, ShareMode: Read, Write, AllocationSize: 0","C:\Users\vboxuser\Desktop\RAT.exe","4708"
"2:23:00.5236803 PM","RAT.exe","2176","QueryOpen","C:\Users\vboxuser\AppData\Local\Temp","FAST IO DISALLOWED","","C:\Users\vboxuser\Desktop\RAT.exe","4708"
"2:23:00.5237110 PM","RAT.exe","2176","CreateFile","C:\Users\vboxuser\AppData\Local\Temp","SUCCESS","Desired Access: Read Attributes, Disposition: Open, Options: Open Reparse Point, Attributes: n/a, ShareMode: Read, Write, Delete, AllocationSize: n/a, OpenResult: Opened","C:\Users\vboxuser\Desktop\RAT.exe","4708"
"2:23:00.5237198 PM","RAT.exe","2176","QueryBasicInformationFile","C:\Users\vboxuser\AppData\Local\Temp","SUCCESS","CreationTime: 6/18/2025 9:00:36 PM, LastAccessTime: 6/23/2025 2:23:00 PM, LastWriteTime: 6/23/2025 2:23:00 PM, ChangeTime: 6/23/2025 2:23:00 PM, FileAttributes: D","C:\Users\vboxuser\Desktop\RAT.exe","4708"
"2:23:00.5237259 PM","RAT.exe","2176","CloseFile","C:\Users\vboxuser\AppData\Local\Temp","SUCCESS","","C:\Users\vboxuser\Desktop\RAT.exe","4708"
"2:23:00.5237395 PM","RAT.exe","2176","IRP_MJ_CLOSE","C:\Users\vboxuser\AppData\Local\Temp","SUCCESS","","C:\Users\vboxuser\Desktop\RAT.exe","4708"
"2:23:00.5237871 PM","RAT.exe","2176","CreateFile","C:\Users\vboxuser\AppData\Local\Temp","SUCCESS","Desired Access: Execute/Traverse, Synchronize, Disposition: Open, Options: Directory, Synchronous IO Non-Alert, Attributes: n/a, ShareMode: Read, Write, AllocationSize: n/a, OpenResult: Opened","C:\Users\vboxuser\Desktop\RAT.exe","4708"
"2:23:00.5238556 PM","RAT.exe","2176","QueryOpen","C:\Users\vboxuser\AppData\Local\Temp\cqeyixooyg.j","FAST IO DISALLOWED","","C:\Users\vboxuser\Desktop\RAT.exe","4708"
"2:23:00.5238880 PM","RAT.exe","2176","CreateFile","C:\Users\vboxuser\AppData\Local\Temp\cqeyixooyg.j","SUCCESS","Desired Access: Read Attributes, Disposition: Open, Options: Open Reparse Point, Attributes: n/a, ShareMode: Read, Write, Delete, AllocationSize: n/a, OpenResult: Opened","C:\Users\vboxuser\Desktop\RAT.exe","4708"
"2:23:00.5238992 PM","RAT.exe","2176","QueryBasicInformationFile","C:\Users\vboxuser\AppData\Local\Temp\cqeyixooyg.j","SUCCESS","CreationTime: 12/12/2023 5:05:20 PM, LastAccessTime: 6/23/2025 2:13:48 PM, LastWriteTime: 12/12/2023 5:05:20 PM, ChangeTime: 6/23/2025 2:13:06 PM, FileAttributes: A","C:\Users\vboxuser\Desktop\RAT.exe","4708"
"2:23:00.5239052 PM","RAT.exe","2176","CloseFile","C:\Users\vboxuser\AppData\Local\Temp\cqeyixooyg.j","SUCCESS","","C:\Users\vboxuser\Desktop\RAT.exe","4708"
"2:23:00.5239125 PM","RAT.exe","2176","IRP_MJ_CLOSE","C:\Users\vboxuser\AppData\Local\Temp\cqeyixooyg.j","SUCCESS","","C:\Users\vboxuser\Desktop\RAT.exe","4708"
"2:23:00.5239535 PM","RAT.exe","2176","CreateFile","C:\Users\vboxuser\AppData\Local\Temp\cqeyixooyg.j","NAME COLLISION","Desired Access: Generic Write, Read Attributes, Disposition: Create, Options: Synchronous IO Non-Alert, Non-Directory File, Attributes: A, ShareMode: Read, AllocationSize: 0","C:\Users\vboxuser\Desktop\RAT.exe","4708"
"2:23:00.5240042 PM","RAT.exe","2176","QueryOpen","C:\Users\vboxuser\AppData\Local\Temp\bzgwgmoddw.exe","FAST IO DISALLOWED","","C:\Users\vboxuser\Desktop\RAT.exe","4708"
"2:23:00.5240349 PM","RAT.exe","2176","CreateFile","C:\Users\vboxuser\AppData\Local\Temp\bzgwgmoddw.exe","SUCCESS","Desired Access: Read Attributes, Disposition: Open, Options: Open Reparse Point, Attributes: n/a, ShareMode: Read, Write, Delete, AllocationSize: n/a, OpenResult: Opened","C:\Users\vboxuser\Desktop\RAT.exe","4708"
"2:23:00.5240461 PM","RAT.exe","2176","QueryBasicInformationFile","C:\Users\vboxuser\AppData\Local\Temp\bzgwgmoddw.exe","SUCCESS","CreationTime: 12/12/2023 5:05:28 PM, LastAccessTime: 6/23/2025 2:16:22 PM, LastWriteTime: 12/12/2023 5:05:28 PM, ChangeTime: 6/23/2025 2:13:06 PM, FileAttributes: A","C:\Users\vboxuser\Desktop\RAT.exe","4708"
"2:23:00.5240522 PM","RAT.exe","2176","CloseFile","C:\Users\vboxuser\AppData\Local\Temp\bzgwgmoddw.exe","SUCCESS","","C:\Users\vboxuser\Desktop\RAT.exe","4708"
"2:23:00.5240593 PM","RAT.exe","2176","IRP_MJ_CLOSE","C:\Users\vboxuser\AppData\Local\Temp\bzgwgmoddw.exe","SUCCESS","","C:\Users\vboxuser\Desktop\RAT.exe","4708"
"2:23:00.5241093 PM","RAT.exe","2176","CreateFile","C:\Users\vboxuser\AppData\Local\Temp\bzgwgmoddw.exe","NAME COLLISION","Desired Access: Generic Write, Read Attributes, Disposition: Create, Options: Synchronous IO Non-Alert, Non-Directory File, Attributes: A, ShareMode: Read, AllocationSize: 0","C:\Users\vboxuser\Desktop\RAT.exe","4708"
"2:23:00.5241780 PM","RAT.exe","2176","QueryOpen","C:\Users\vboxuser\AppData\Local\Temp\bzgwgmoddw.exe","FAST IO DISALLOWED","","C:\Users\vboxuser\Desktop\RAT.exe","4708"
"2:23:00.5242085 PM","RAT.exe","2176","CreateFile","C:\Users\vboxuser\AppData\Local\Temp\bzgwgmoddw.exe","SUCCESS","Desired Access: Read Attributes, Disposition: Open, Options: Open Reparse Point, Attributes: n/a, ShareMode: Read, Write, Delete, AllocationSize: n/a, OpenResult: Opened","C:\Users\vboxuser\Desktop\RAT.exe","4708"
"2:23:00.5242172 PM","RAT.exe","2176","QueryBasicInformationFile","C:\Users\vboxuser\AppData\Local\Temp\bzgwgmoddw.exe","SUCCESS","CreationTime: 12/12/2023 5:05:28 PM, LastAccessTime: 6/23/2025 2:16:22 PM, LastWriteTime: 12/12/2023 5:05:28 PM, ChangeTime: 6/23/2025 2:13:06 PM, FileAttributes: A","C:\Users\vboxuser\Desktop\RAT.exe","4708"
"2:23:00.5242232 PM","RAT.exe","2176","CloseFile","C:\Users\vboxuser\AppData\Local\Temp\bzgwgmoddw.exe","SUCCESS","","C:\Users\vboxuser\Desktop\RAT.exe","4708"
"2:23:00.5242303 PM","RAT.exe","2176","IRP_MJ_CLOSE","C:\Users\vboxuser\AppData\Local\Temp\bzgwgmoddw.exe","SUCCESS","","C:\Users\vboxuser\Desktop\RAT.exe","4708"
"2:23:00.5242665 PM","RAT.exe","2176","QueryOpen","C:\Users\vboxuser\AppData\Local\Temp\bzgwgmoddw.exe","FAST IO DISALLOWED","","C:\Users\vboxuser\Desktop\RAT.exe","4708"
"2:23:00.5242961 PM","RAT.exe","2176","CreateFile","C:\Users\vboxuser\AppData\Local\Temp\bzgwgmoddw.exe","SUCCESS","Desired Access: Read Attributes, Disposition: Open, Options: Open Reparse Point, Attributes: n/a, ShareMode: Read, Write, Delete, AllocationSize: n/a, OpenResult: Opened","C:\Users\vboxuser\Desktop\RAT.exe","4708"
"2:23:00.5243041 PM","RAT.exe","2176","QueryBasicInformationFile","C:\Users\vboxuser\AppData\Local\Temp\bzgwgmoddw.exe","SUCCESS","CreationTime: 12/12/2023 5:05:28 PM, LastAccessTime: 6/23/2025 2:16:22 PM, LastWriteTime: 12/12/2023 5:05:28 PM, ChangeTime: 6/23/2025 2:13:06 PM, FileAttributes: A","C:\Users\vboxuser\Desktop\RAT.exe","4708"
"2:23:00.5243100 PM","RAT.exe","2176","CloseFile","C:\Users\vboxuser\AppData\Local\Temp\bzgwgmoddw.exe","SUCCESS","","C:\Users\vboxuser\Desktop\RAT.exe","4708"
"2:23:00.5243169 PM","RAT.exe","2176","IRP_MJ_CLOSE","C:\Users\vboxuser\AppData\Local\Temp\bzgwgmoddw.exe","SUCCESS","","C:\Users\vboxuser\Desktop\RAT.exe","4708"
"2:23:00.5244396 PM","RAT.exe","2176","CreateFile","C:\Users\vboxuser\AppData\Local\Temp\bzgwgmoddw.exe","SUCCESS","Desired Access: Read Data/List Directory, Execute/Traverse, Read Attributes, Synchronize, Disposition: Open, Options: Synchronous IO Non-Alert, Non-Directory File, Attributes: N, ShareMode: Read, Delete, AllocationSize: n/a, OpenResult: Opened","C:\Users\vboxuser\Desktop\RAT.exe","4708"
"2:23:00.5244527 PM","RAT.exe","2176","CreateFileMapping","C:\Users\vboxuser\AppData\Local\Temp\bzgwgmoddw.exe","FILE LOCKED WITH ONLY READERS","SyncType: SyncTypeCreateSection, PageProtection: PAGE_EXECUTE|PAGE_NOCACHE","C:\Users\vboxuser\Desktop\RAT.exe","4708"
"2:23:00.5244590 PM","RAT.exe","2176","FASTIO_RELEASE_FOR_SECTION_SYNCHRONIZATION","C:\Users\vboxuser\AppData\Local\Temp\bzgwgmoddw.exe","SUCCESS","","C:\Users\vboxuser\Desktop\RAT.exe","4708"
"2:23:00.5244659 PM","RAT.exe","2176","CreateFileMapping","C:\Users\vboxuser\AppData\Local\Temp\bzgwgmoddw.exe","SUCCESS","SyncType: SyncTypeOther","C:\Users\vboxuser\Desktop\RAT.exe","4708"
"2:23:00.5244709 PM","RAT.exe","2176","FASTIO_RELEASE_FOR_SECTION_SYNCHRONIZATION","C:\Users\vboxuser\AppData\Local\Temp\bzgwgmoddw.exe","SUCCESS","","C:\Users\vboxuser\Desktop\RAT.exe","4708"
"2:23:00.5245125 PM","RAT.exe","2176","QuerySecurityFile","C:\Users\vboxuser\AppData\Local\Temp\bzgwgmoddw.exe","SUCCESS","Information: Label","C:\Users\vboxuser\Desktop\RAT.exe","4708"
"2:23:00.5245385 PM","RAT.exe","2176","QueryNameInformationFile","C:\Users\vboxuser\AppData\Local\Temp\bzgwgmoddw.exe","SUCCESS","Name: \Users\vboxuser\AppData\Local\Temp\bzgwgmoddw.exe","C:\Users\vboxuser\Desktop\RAT.exe","4708"
"2:23:00.5248493 PM","RAT.exe","2176","RegQueryValue","HKLM\System\CurrentControlSet\Services\bam\State\UserSettings\S-1-5-21-1478595787-3034630928-447031921-1000\\Device\HarddiskVolume1\Users\vboxuser\AppData\Local\Temp\bzgwgmoddw.exe","NAME NOT FOUND","Length: 40","C:\Users\vboxuser\Desktop\RAT.exe","4708"
"2:23:00.5250637 PM","RAT.exe","2176","CreateFile","C:\Users\vboxuser\AppData\Local\Temp\bzgwgmoddw.exe","SUCCESS","Desired Access: Read Attributes, Disposition: Open, Options: Non-Directory File, Attributes: n/a, ShareMode: Read, Write, AllocationSize: n/a, OpenResult: Opened","C:\Users\vboxuser\Desktop\RAT.exe","4708"
"2:23:00.5250797 PM","RAT.exe","2176","CloseFile","C:\Users\vboxuser\AppData\Local\Temp\bzgwgmoddw.exe","SUCCESS","","C:\Users\vboxuser\Desktop\RAT.exe","4708"
"2:23:00.5251111 PM","RAT.exe","2176","QueryNameInformationFile","C:\Users\vboxuser\AppData\Local\Temp\bzgwgmoddw.exe","SUCCESS","Name: \Users\vboxuser\AppData\Local\Temp\bzgwgmoddw.exe","C:\Users\vboxuser\Desktop\RAT.exe","4708"
"2:23:00.5251200 PM","RAT.exe","2176","IRP_MJ_CLOSE","C:\Users\vboxuser\AppData\Local\Temp\bzgwgmoddw.exe","SUCCESS","","C:\Users\vboxuser\Desktop\RAT.exe","4708"
"2:23:00.5251658 PM","RAT.exe","2176","CreateFile","C:\Users\vboxuser\AppData\Local\Temp\bzgwgmoddw.exe","SUCCESS","Desired Access: Read Data/List Directory, Read Attributes, Synchronize, Disposition: Open, Options: Sequential Access, Synchronous IO Alert, Non-Directory File, Attributes: N, ShareMode: Read, Delete, AllocationSize: n/a, OpenResult: Opened","C:\Users\vboxuser\Desktop\RAT.exe","4708"
"2:23:00.5251813 PM","RAT.exe","2176","QueryAllInformationFile","C:\Users\vboxuser\AppData\Local\Temp\bzgwgmoddw.exe","SUCCESS","CreationTime: 12/12/2023 5:05:28 PM, LastAccessTime: 6/23/2025 2:16:22 PM, LastWriteTime: 12/12/2023 5:05:28 PM, ChangeTime: 6/23/2025 2:13:06 PM, FileAttributes: A, AllocationSize: 86,016, EndOfFile: 84,480","C:\Users\vboxuser\Desktop\RAT.exe","4708"
"2:23:00.5251926 PM","RAT.exe","2176","CloseFile","C:\Users\vboxuser\AppData\Local\Temp\bzgwgmoddw.exe","SUCCESS","","C:\Users\vboxuser\Desktop\RAT.exe","4708"
"2:23:00.5252018 PM","RAT.exe","2176","IRP_MJ_CLOSE","C:\Users\vboxuser\AppData\Local\Temp\bzgwgmoddw.exe","SUCCESS","","C:\Users\vboxuser\Desktop\RAT.exe","4708"
"2:23:00.5252282 PM","RAT.exe","2176","Process Create","C:\Users\vboxuser\AppData\Local\Temp\bzgwgmoddw.exe","SUCCESS","PID: 6888, Command line: ""C:\Users\vboxuser\AppData\Local\Temp\bzgwgmoddw.exe"" ","C:\Users\vboxuser\Desktop\RAT.exe","4708"
"2:23:00.5255634 PM","RAT.exe","2176","RegQueryValue","HKCU\SOFTWARE\Microsoft\Windows NT\CurrentVersion\AppCompatFlags\Layers\C:\Users\vboxuser\AppData\Local\Temp\bzgwgmoddw.exe","NAME NOT FOUND","Length: 16","C:\Users\vboxuser\Desktop\RAT.exe","4708"
"2:23:00.5255920 PM","RAT.exe","2176","QuerySecurityFile","C:\Users\vboxuser\AppData\Local\Temp\bzgwgmoddw.exe","SUCCESS","Information: Owner, Group, DACL, SACL, Label, Attribute, Process Trust Label, 0x100","C:\Users\vboxuser\Desktop\RAT.exe","4708"
"2:23:00.5257059 PM","RAT.exe","2176","QueryBasicInformationFile","C:\Users\vboxuser\AppData\Local\Temp\bzgwgmoddw.exe","SUCCESS","CreationTime: 12/12/2023 5:05:28 PM, LastAccessTime: 6/23/2025 2:23:00 PM, LastWriteTime: 12/12/2023 5:05:28 PM, ChangeTime: 6/23/2025 2:13:06 PM, FileAttributes: A","C:\Users\vboxuser\Desktop\RAT.exe","4708"
"2:23:00.5257454 PM","RAT.exe","2176","QueryBasicInformationFile","C:\Users\vboxuser\AppData\Local\Temp\bzgwgmoddw.exe","SUCCESS","CreationTime: 12/12/2023 5:05:28 PM, LastAccessTime: 6/23/2025 2:23:00 PM, LastWriteTime: 12/12/2023 5:05:28 PM, ChangeTime: 6/23/2025 2:13:06 PM, FileAttributes: A","C:\Users\vboxuser\Desktop\RAT.exe","4708"
"2:23:00.5257607 PM","RAT.exe","2176","QueryNameInformationFile","C:\Users\vboxuser\AppData\Local\Temp\bzgwgmoddw.exe","SUCCESS","Name: \Users\vboxuser\AppData\Local\Temp\bzgwgmoddw.exe","C:\Users\vboxuser\Desktop\RAT.exe","4708"
"2:23:00.5260046 PM","RAT.exe","2176","QueryStandardInformationFile","C:\Users\vboxuser\AppData\Local\Temp\bzgwgmoddw.exe","SUCCESS","AllocationSize: 86,016, EndOfFile: 84,480, NumberOfLinks: 1, DeletePending: False, Directory: False","C:\Users\vboxuser\Desktop\RAT.exe","4708"
"2:23:00.5260972 PM","RAT.exe","2176","RegQueryValue","HKLM\SOFTWARE\Microsoft\Windows NT\CurrentVersion\AppCompatFlags\Layers\C:\Users\vboxuser\AppData\Local\Temp\bzgwgmoddw.exe","NAME NOT FOUND","Length: 1,024","C:\Users\vboxuser\Desktop\RAT.exe","4708"
"2:23:00.5261272 PM","RAT.exe","2176","RegQueryValue","HKCU\SOFTWARE\Microsoft\Windows NT\CurrentVersion\AppCompatFlags\Layers\C:\Users\vboxuser\AppData\Local\Temp\bzgwgmoddw.exe","NAME NOT FOUND","Length: 1,024","C:\Users\vboxuser\Desktop\RAT.exe","4708"
"2:23:00.5261750 PM","RAT.exe","2176","QueryStandardInformationFile","C:\Users\vboxuser\AppData\Local\Temp\bzgwgmoddw.exe","SUCCESS","AllocationSize: 86,016, EndOfFile: 84,480, NumberOfLinks: 1, DeletePending: False, Directory: False","C:\Users\vboxuser\Desktop\RAT.exe","4708"
"2:23:00.5261873 PM","RAT.exe","2176","CreateFileMapping","C:\Users\vboxuser\AppData\Local\Temp\bzgwgmoddw.exe","FILE LOCKED WITH ONLY READERS","SyncType: SyncTypeCreateSection, PageProtection: PAGE_EXECUTE_READ|PAGE_NOCACHE","C:\Users\vboxuser\Desktop\RAT.exe","4708"
"2:23:00.5261962 PM","RAT.exe","2176","QueryStandardInformationFile","C:\Users\vboxuser\AppData\Local\Temp\bzgwgmoddw.exe","SUCCESS","AllocationSize: 86,016, EndOfFile: 84,480, NumberOfLinks: 1, DeletePending: False, Directory: False","C:\Users\vboxuser\Desktop\RAT.exe","4708"
"2:23:00.5262051 PM","RAT.exe","2176","FASTIO_RELEASE_FOR_SECTION_SYNCHRONIZATION","C:\Users\vboxuser\AppData\Local\Temp\bzgwgmoddw.exe","SUCCESS","","C:\Users\vboxuser\Desktop\RAT.exe","4708"
"2:23:00.5262140 PM","RAT.exe","2176","CreateFileMapping","C:\Users\vboxuser\AppData\Local\Temp\bzgwgmoddw.exe","SUCCESS","SyncType: SyncTypeOther","C:\Users\vboxuser\Desktop\RAT.exe","4708"
"2:23:00.5262225 PM","RAT.exe","2176","FASTIO_RELEASE_FOR_SECTION_SYNCHRONIZATION","C:\Users\vboxuser\AppData\Local\Temp\bzgwgmoddw.exe","SUCCESS","","C:\Users\vboxuser\Desktop\RAT.exe","4708"
"2:23:00.5274665 PM","RAT.exe","2176","QuerySecurityFile","C:\Users\vboxuser\AppData\Local\Temp\bzgwgmoddw.exe","SUCCESS","Information: Owner, Group, DACL, SACL, Label, Attribute, Process Trust Label, 0x100","C:\Users\vboxuser\Desktop\RAT.exe","4708"
"2:23:00.5275508 PM","RAT.exe","2176","QueryBasicInformationFile","C:\Users\vboxuser\AppData\Local\Temp\bzgwgmoddw.exe","SUCCESS","CreationTime: 12/12/2023 5:05:28 PM, LastAccessTime: 6/23/2025 2:23:00 PM, LastWriteTime: 12/12/2023 5:05:28 PM, ChangeTime: 6/23/2025 2:13:06 PM, FileAttributes: A","C:\Users\vboxuser\Desktop\RAT.exe","4708"
"2:23:00.5276071 PM","RAT.exe","2176","CreateFile","C:\Users\vboxuser\AppData\Local\Temp\bzgwgmoddw.exe","SUCCESS","Desired Access: Generic Read, Disposition: Open, Options: Synchronous IO Non-Alert, Non-Directory File, Attributes: N, ShareMode: Read, Delete, AllocationSize: n/a, OpenResult: Opened","C:\Users\vboxuser\Desktop\RAT.exe","4708"
"2:23:00.5276516 PM","RAT.exe","2176","QueryOpen","C:\Users\vboxuser\AppData\Local\Temp\bzgwgmoddw.exe","FAST IO DISALLOWED","","C:\Users\vboxuser\Desktop\RAT.exe","4708"
"2:23:00.5276839 PM","RAT.exe","2176","CreateFile","C:\Users\vboxuser\AppData\Local\Temp\bzgwgmoddw.exe","SUCCESS","Desired Access: Read Attributes, Disposition: Open, Options: Open Reparse Point, Attributes: n/a, ShareMode: Read, Write, Delete, AllocationSize: n/a, OpenResult: Opened","C:\Users\vboxuser\Desktop\RAT.exe","4708"
"2:23:00.5276927 PM","RAT.exe","2176","QueryBasicInformationFile","C:\Users\vboxuser\AppData\Local\Temp\bzgwgmoddw.exe","SUCCESS","CreationTime: 12/12/2023 5:05:28 PM, LastAccessTime: 6/23/2025 2:23:00 PM, LastWriteTime: 12/12/2023 5:05:28 PM, ChangeTime: 6/23/2025 2:13:06 PM, FileAttributes: A","C:\Users\vboxuser\Desktop\RAT.exe","4708"
"2:23:00.5276993 PM","RAT.exe","2176","CloseFile","C:\Users\vboxuser\AppData\Local\Temp\bzgwgmoddw.exe","SUCCESS","","C:\Users\vboxuser\Desktop\RAT.exe","4708"
"2:23:00.5277068 PM","RAT.exe","2176","IRP_MJ_CLOSE","C:\Users\vboxuser\AppData\Local\Temp\bzgwgmoddw.exe","SUCCESS","","C:\Users\vboxuser\Desktop\RAT.exe","4708"
"2:23:00.5277475 PM","RAT.exe","2176","CreateFile","C:\Users\vboxuser\AppData\Local\Temp\bzgwgmoddw.exe","SUCCESS","Desired Access: Generic Read, Disposition: Open, Options: Synchronous IO Non-Alert, Non-Directory File, Attributes: n/a, ShareMode: Read, Delete, AllocationSize: n/a, OpenResult: Opened","C:\Users\vboxuser\Desktop\RAT.exe","4708"
"2:23:00.5277597 PM","RAT.exe","2176","CreateFileMapping","C:\Users\vboxuser\AppData\Local\Temp\bzgwgmoddw.exe","FILE LOCKED WITH ONLY READERS","SyncType: SyncTypeCreateSection, PageProtection: PAGE_EXECUTE_READWRITE|PAGE_NOCACHE","C:\Users\vboxuser\Desktop\RAT.exe","4708"
"2:23:00.5277657 PM","RAT.exe","2176","FASTIO_RELEASE_FOR_SECTION_SYNCHRONIZATION","C:\Users\vboxuser\AppData\Local\Temp\bzgwgmoddw.exe","SUCCESS","","C:\Users\vboxuser\Desktop\RAT.exe","4708"
"2:23:00.5277717 PM","RAT.exe","2176","CreateFileMapping","C:\Users\vboxuser\AppData\Local\Temp\bzgwgmoddw.exe","SUCCESS","SyncType: SyncTypeOther","C:\Users\vboxuser\Desktop\RAT.exe","4708"
"2:23:00.5277768 PM","RAT.exe","2176","FASTIO_RELEASE_FOR_SECTION_SYNCHRONIZATION","C:\Users\vboxuser\AppData\Local\Temp\bzgwgmoddw.exe","SUCCESS","","C:\Users\vboxuser\Desktop\RAT.exe","4708"
"2:23:00.5277897 PM","RAT.exe","2176","CloseFile","C:\Users\vboxuser\AppData\Local\Temp\bzgwgmoddw.exe","SUCCESS","","C:\Users\vboxuser\Desktop\RAT.exe","4708"
"2:23:00.5277967 PM","RAT.exe","2176","IRP_MJ_CLOSE","C:\Users\vboxuser\AppData\Local\Temp\bzgwgmoddw.exe","SUCCESS","","C:\Users\vboxuser\Desktop\RAT.exe","4708"
"2:23:00.5278435 PM","RAT.exe","2176","CreateFile","C:\Users\vboxuser\AppData\Local\SystemResources\bzgwgmoddw.exe.mun","PATH NOT FOUND","Desired Access: Read Data/List Directory, Synchronize, Disposition: Open, Options: Synchronous IO Non-Alert, Non-Directory File, Attributes: n/a, ShareMode: Read, Delete, AllocationSize: n/a","C:\Users\vboxuser\Desktop\RAT.exe","4708"
"2:23:00.5278861 PM","RAT.exe","2176","CreateFile","C:\Users\vboxuser\AppData\Local\SystemResources\bzgwgmoddw.exe.mun","PATH NOT FOUND","Desired Access: Read Data/List Directory, Synchronize, Disposition: Open, Options: Synchronous IO Non-Alert, Non-Directory File, Attributes: n/a, ShareMode: Read, Delete, AllocationSize: n/a","C:\Users\vboxuser\Desktop\RAT.exe","4708"
"2:23:00.5279083 PM","RAT.exe","2176","QueryStandardInformationFile","C:\Users\vboxuser\AppData\Local\Temp\bzgwgmoddw.exe","SUCCESS","AllocationSize: 86,016, EndOfFile: 84,480, NumberOfLinks: 1, DeletePending: False, Directory: False","C:\Users\vboxuser\Desktop\RAT.exe","4708"
"2:23:00.5279229 PM","RAT.exe","2176","CloseFile","C:\Users\vboxuser\AppData\Local\Temp\bzgwgmoddw.exe","SUCCESS","","C:\Users\vboxuser\Desktop\RAT.exe","4708"
"2:23:00.5279303 PM","RAT.exe","2176","IRP_MJ_CLOSE","C:\Users\vboxuser\AppData\Local\Temp\bzgwgmoddw.exe","SUCCESS","","C:\Users\vboxuser\Desktop\RAT.exe","4708"
"2:23:00.5280188 PM","RAT.exe","2176","QuerySecurityFile","C:\Users\vboxuser\AppData\Local\Temp\bzgwgmoddw.exe","SUCCESS","Information: Owner, Group, DACL, SACL, Label, Attribute, Process Trust Label, 0x100","C:\Users\vboxuser\Desktop\RAT.exe","4708"
"2:23:00.5280279 PM","RAT.exe","2176","QueryBasicInformationFile","C:\Users\vboxuser\AppData\Local\Temp\bzgwgmoddw.exe","SUCCESS","CreationTime: 12/12/2023 5:05:28 PM, LastAccessTime: 6/23/2025 2:23:00 PM, LastWriteTime: 12/12/2023 5:05:28 PM, ChangeTime: 6/23/2025 2:13:06 PM, FileAttributes: A","C:\Users\vboxuser\Desktop\RAT.exe","4708"
"2:23:00.5282327 PM","RAT.exe","2176","CloseFile","C:\Users\vboxuser\AppData\Local\Temp\bzgwgmoddw.exe","SUCCESS","","C:\Users\vboxuser\Desktop\RAT.exe","4708"
"2:23:01.3100745 PM","RAT.exe","2176","CreateFile","C:\Users\vboxuser\AppData\Local\Temp","SUCCESS","Desired Access: Read Data/List Directory, Synchronize, Disposition: Open, Options: Directory, Synchronous IO Non-Alert, Attributes: n/a, ShareMode: Read, Write, Delete, AllocationSize: n/a, OpenResult: Opened","C:\Users\vboxuser\Desktop\RAT.exe","4708"
"2:23:01.3100918 PM","RAT.exe","2176","QueryDirectory","C:\Users\vboxuser\AppData\Local\Temp\nst976A.tmp","SUCCESS","FileInformationClass: FileBothDirectoryInformation, Filter: nst976A.tmp, 2: nst976A.tmp","C:\Users\vboxuser\Desktop\RAT.exe","4708"
"2:23:01.3101110 PM","RAT.exe","2176","CloseFile","C:\Users\vboxuser\AppData\Local\Temp","SUCCESS","","C:\Users\vboxuser\Desktop\RAT.exe","4708"
"2:23:01.3101191 PM","RAT.exe","2176","IRP_MJ_CLOSE","C:\Users\vboxuser\AppData\Local\Temp","SUCCESS","","C:\Users\vboxuser\Desktop\RAT.exe","4708"
"2:23:01.3102861 PM","RAT.exe","2176","CreateFile","C:\Users\vboxuser\AppData\Local","SUCCESS","Desired Access: Read Data/List Directory, Synchronize, Disposition: Open, Options: Directory, Synchronous IO Non-Alert, Attributes: n/a, ShareMode: Read, Write, Delete, AllocationSize: n/a, OpenResult: Opened","C:\Users\vboxuser\Desktop\RAT.exe","4708"
"2:23:01.3102992 PM","RAT.exe","2176","QueryDirectory","C:\Users\vboxuser\AppData\Local\Temp","SUCCESS","FileInformationClass: FileBothDirectoryInformation, Filter: Temp, 2: Temp","C:\Users\vboxuser\Desktop\RAT.exe","4708"
"2:23:01.3103144 PM","RAT.exe","2176","CloseFile","C:\Users\vboxuser\AppData\Local","SUCCESS","","C:\Users\vboxuser\Desktop\RAT.exe","4708"
"2:23:01.3103230 PM","RAT.exe","2176","IRP_MJ_CLOSE","C:\Users\vboxuser\AppData\Local","SUCCESS","","C:\Users\vboxuser\Desktop\RAT.exe","4708"
"2:23:01.3103741 PM","RAT.exe","2176","CreateFile","C:\Users\vboxuser\AppData","SUCCESS","Desired Access: Read Data/List Directory, Synchronize, Disposition: Open, Options: Directory, Synchronous IO Non-Alert, Attributes: n/a, ShareMode: Read, Write, Delete, AllocationSize: n/a, OpenResult: Opened","C:\Users\vboxuser\Desktop\RAT.exe","4708"
"2:23:01.3103880 PM","RAT.exe","2176","QueryDirectory","C:\Users\vboxuser\AppData\Local","SUCCESS","FileInformationClass: FileBothDirectoryInformation, Filter: Local, 2: Local","C:\Users\vboxuser\Desktop\RAT.exe","4708"
"2:23:01.3104016 PM","RAT.exe","2176","CloseFile","C:\Users\vboxuser\AppData","SUCCESS","","C:\Users\vboxuser\Desktop\RAT.exe","4708"
"2:23:01.3104088 PM","RAT.exe","2176","IRP_MJ_CLOSE","C:\Users\vboxuser\AppData","SUCCESS","","C:\Users\vboxuser\Desktop\RAT.exe","4708"
"2:23:01.3104811 PM","RAT.exe","2176","QueryDirectory","C:\Users\vboxuser\AppData","SUCCESS","FileInformationClass: FileBothDirectoryInformation, Filter: AppData, 2: AppData","C:\Users\vboxuser\Desktop\RAT.exe","4708"
"2:23:01.3107422 PM","RAT.exe","2176","CreateFile","C:\Users\vboxuser\AppData\Local\Temp\nst976A.tmp","SUCCESS","Desired Access: Read Data/List Directory, Synchronize, Disposition: Open, Options: Directory, Synchronous IO Non-Alert, Attributes: n/a, ShareMode: Read, Write, Delete, AllocationSize: n/a, OpenResult: Opened","C:\Users\vboxuser\Desktop\RAT.exe","4708"
"2:23:01.3107581 PM","RAT.exe","2176","QueryDirectory","C:\Users\vboxuser\AppData\Local\Temp\nst976A.tmp\*","SUCCESS","FileInformationClass: FileBothDirectoryInformation, Filter: *, 2: .","C:\Users\vboxuser\Desktop\RAT.exe","4708"
"2:23:01.3107713 PM","RAT.exe","2176","QueryDirectory","C:\Users\vboxuser\AppData\Local\Temp\nst976A.tmp","SUCCESS","FileInformationClass: FileBothDirectoryInformation, 1: ..","C:\Users\vboxuser\Desktop\RAT.exe","4708"
"2:23:01.3107804 PM","RAT.exe","2176","QueryDirectory","C:\Users\vboxuser\AppData\Local\Temp\nst976A.tmp","NO MORE FILES","FileInformationClass: FileBothDirectoryInformation","C:\Users\vboxuser\Desktop\RAT.exe","4708"
"2:23:01.3107874 PM","RAT.exe","2176","CloseFile","C:\Users\vboxuser\AppData\Local\Temp\nst976A.tmp","SUCCESS","","C:\Users\vboxuser\Desktop\RAT.exe","4708"
"2:23:01.3107944 PM","RAT.exe","2176","IRP_MJ_CLOSE","C:\Users\vboxuser\AppData\Local\Temp\nst976A.tmp","SUCCESS","","C:\Users\vboxuser\Desktop\RAT.exe","4708"
"2:23:01.3108401 PM","RAT.exe","2176","CreateFile","C:\Users\vboxuser\AppData\Local\Temp","SUCCESS","Desired Access: Read Data/List Directory, Synchronize, Disposition: Open, Options: Directory, Synchronous IO Non-Alert, Attributes: n/a, ShareMode: Read, Write, Delete, AllocationSize: n/a, OpenResult: Opened","C:\Users\vboxuser\Desktop\RAT.exe","4708"
"2:23:01.3108506 PM","RAT.exe","2176","QueryDirectory","C:\Users\vboxuser\AppData\Local\Temp\nst976A.tmp","SUCCESS","FileInformationClass: FileBothDirectoryInformation, Filter: nst976A.tmp, 2: nst976A.tmp","C:\Users\vboxuser\Desktop\RAT.exe","4708"
"2:23:01.3108633 PM","RAT.exe","2176","CloseFile","C:\Users\vboxuser\AppData\Local\Temp","SUCCESS","","C:\Users\vboxuser\Desktop\RAT.exe","4708"
"2:23:01.3108703 PM","RAT.exe","2176","IRP_MJ_CLOSE","C:\Users\vboxuser\AppData\Local\Temp","SUCCESS","","C:\Users\vboxuser\Desktop\RAT.exe","4708"
"2:23:01.3109108 PM","RAT.exe","2176","QueryOpen","C:\Users\vboxuser\AppData\Local\Temp\nst976A.tmp","FAST IO DISALLOWED","","C:\Users\vboxuser\Desktop\RAT.exe","4708"
"2:23:01.3109472 PM","RAT.exe","2176","CreateFile","C:\Users\vboxuser\AppData\Local\Temp\nst976A.tmp","SUCCESS","Desired Access: Read Attributes, Disposition: Open, Options: Open Reparse Point, Attributes: n/a, ShareMode: Read, Write, Delete, AllocationSize: n/a, OpenResult: Opened","C:\Users\vboxuser\Desktop\RAT.exe","4708"
"2:23:01.3109562 PM","RAT.exe","2176","QueryBasicInformationFile","C:\Users\vboxuser\AppData\Local\Temp\nst976A.tmp","SUCCESS","CreationTime: 6/23/2025 2:23:00 PM, LastAccessTime: 6/23/2025 2:23:01 PM, LastWriteTime: 6/23/2025 2:23:00 PM, ChangeTime: 6/23/2025 2:23:00 PM, FileAttributes: D","C:\Users\vboxuser\Desktop\RAT.exe","4708"
"2:23:01.3109625 PM","RAT.exe","2176","CloseFile","C:\Users\vboxuser\AppData\Local\Temp\nst976A.tmp","SUCCESS","","C:\Users\vboxuser\Desktop\RAT.exe","4708"
"2:23:01.3109692 PM","RAT.exe","2176","IRP_MJ_CLOSE","C:\Users\vboxuser\AppData\Local\Temp\nst976A.tmp","SUCCESS","","C:\Users\vboxuser\Desktop\RAT.exe","4708"
"2:23:01.3110104 PM","RAT.exe","2176","CreateFile","C:\Users\vboxuser\AppData\Local\Temp\nst976A.tmp","SUCCESS","Desired Access: Write Attributes, Synchronize, Disposition: Open, Options: Synchronous IO Non-Alert, Open Reparse Point, Attributes: n/a, ShareMode: Read, Write, Delete, AllocationSize: n/a, OpenResult: Opened","C:\Users\vboxuser\Desktop\RAT.exe","4708"
"2:23:01.3110288 PM","RAT.exe","2176","SetBasicInformationFile","C:\Users\vboxuser\AppData\Local\Temp\nst976A.tmp","SUCCESS","CreationTime: 1/1/1601 5:30:00 AM, LastAccessTime: 1/1/1601 5:30:00 AM, LastWriteTime: 1/1/1601 5:30:00 AM, ChangeTime: 1/1/1601 5:30:00 AM, FileAttributes: N","C:\Users\vboxuser\Desktop\RAT.exe","4708"
"2:23:01.3110369 PM","RAT.exe","2176","CloseFile","C:\Users\vboxuser\AppData\Local\Temp\nst976A.tmp","SUCCESS","","C:\Users\vboxuser\Desktop\RAT.exe","4708"
"2:23:01.3110431 PM","RAT.exe","2176","IRP_MJ_CLOSE","C:\Users\vboxuser\AppData\Local\Temp\nst976A.tmp","SUCCESS","","C:\Users\vboxuser\Desktop\RAT.exe","4708"
"2:23:01.3111244 PM","RAT.exe","2176","CreateFile","C:\Users\vboxuser\AppData\Local\Temp\nst976A.tmp","SUCCESS","Desired Access: Read Attributes, Delete, Synchronize, Disposition: Open, Options: Directory, Synchronous IO Non-Alert, Open Reparse Point, Attributes: n/a, ShareMode: Read, Write, Delete, AllocationSize: n/a, OpenResult: Opened","C:\Users\vboxuser\Desktop\RAT.exe","4708"
"2:23:01.3111415 PM","RAT.exe","2176","QueryAttributeTagFile","C:\Users\vboxuser\AppData\Local\Temp\nst976A.tmp","SUCCESS","Attributes: D, ReparseTag: 0x0","C:\Users\vboxuser\Desktop\RAT.exe","4708"
"2:23:01.3111631 PM","RAT.exe","2176","SetDispositionInformationEx","C:\Users\vboxuser\AppData\Local\Temp\nst976A.tmp","SUCCESS","Flags: FILE_DISPOSITION_DELETE, FILE_DISPOSITION_POSIX_SEMANTICS, FILE_DISPOSITION_FORCE_IMAGE_SECTION_CHECK","C:\Users\vboxuser\Desktop\RAT.exe","4708"
"2:23:01.3111736 PM","RAT.exe","2176","CloseFile","C:\Users\vboxuser\AppData\Local\Temp\nst976A.tmp","SUCCESS","","C:\Users\vboxuser\Desktop\RAT.exe","4708"
"2:23:01.3112274 PM","RAT.exe","2176","IRP_MJ_CLOSE","C:\Users\vboxuser\AppData\Local\Temp\nst976A.tmp","SUCCESS","","C:\Users\vboxuser\Desktop\RAT.exe","4708"
"2:23:01.3140052 PM","RAT.exe","2176","CloseFile","C:\Users\vboxuser\AppData\Local\Temp","SUCCESS","","C:\Users\vboxuser\Desktop\RAT.exe","4708"
"2:23:01.3140194 PM","RAT.exe","2176","IRP_MJ_CLOSE","C:\Users\vboxuser\AppData\Local\Temp","SUCCESS","","C:\Users\vboxuser\Desktop\RAT.exe","4708"
